Form Name,Name,Email,Message
,dfsd,eew@m,gjhuyyu
,mazz,afafaea@ffef,mmmmmmmmmmmmmmmmmmmmmmmmmmmmmmmmmmmmmmmmmmmmmmmmmmm
,dfgfd,wde@e,rtyttttttttttttttttttttttttttttttttttttttttttttttttttttttttttttttttttttttttttttttt
,dfgfd,wde@e,rtyttttttttttttttttttttttttttttttttttttttttttttttttttttttttttttttttttttttttttttttt
,SOFJIFNISPFS,SDGLOK@D,"SDGGDS
Machine learning Is My Passion

At My Projects Studio, I'm a passionate tech innovator united by a common mission: to empower creators and problem-solvers. I combine expertise in artificial intelligence, machine learning, deep learning, and Python to create cutting-edge solutions across various technological landscapes. Fueled by a collaborative spirit and a drive for innovation, I craft user-friendly tools and tackle complex challenges for tech enthusiasts alike. Whether you're building the next groundbreaking project or seeking a solution to streamline your workflow, I'm here to bridge the gap between complex ideas and practical applications. I believe technology should be accessible and empowering. I translate my expertise into easy-to-use solutions that democratize powerful tools for everyone"
,ppppppppppppppppppppppppppppQQQOKKPKPKPK_)I#i9U()IJI3WJRFIOENPITENGPIEGWPONPEWNWPGNVPIWENPIGNWPIN,FAS@SKMNFS,"G'G
GGDMG
MGDMG
LLSNGDGNLSHNSLH
NHLFD"
,ppppppppppppppppppppppppppppQQQOKKPKPKPK_)I#i9U()IJI3WJRFIOENPITENGPIEGWPONPEWNWPGNVPIWENPIGNWPIN,FAS@SKMNFS,"G'G
GGDMG
MGDMG
LLSNGDGNLSHNSLH
NHLFD"
,erewfwefef,afafaea@ffef,afa
,dfsd,sdsdda@dgt,fdgg
